date,repository,path,count,uniques
2025-05-09,nasa/AppEEARS-Data-Resources,/nasa/AppEEARS-Data-Resources,107,72
2025-05-09,nasa/AppEEARS-Data-Resources,/nasa/AppEEARS-Data-Resources/blob/main/Python/tutorials/AppEEARS_API_Area.ipynb,18,13
2025-05-09,nasa/AppEEARS-Data-Resources,/nasa/AppEEARS-Data-Resources/blob/main/Python/tutorials/AppEEARS_API_Point.ipynb,15,8
2025-05-09,nasa/AppEEARS-Data-Resources,/nasa/AppEEARS-Data-Resources/tree/main/Python,15,7
2025-05-09,nasa/AppEEARS-Data-Resources,/nasa/AppEEARS-Data-Resources/tree/main,14,5
2025-05-09,nasa/AppEEARS-Data-Resources,/nasa/AppEEARS-Data-Resources/blob/main/R/tutorials/AppEEARS_API_Area_R.Rmd,13,9
2025-05-09,nasa/AppEEARS-Data-Resources,/nasa/AppEEARS-Data-Resources/tree/main/Python/tutorials,11,7
2025-05-09,nasa/AppEEARS-Data-Resources,/nasa/AppEEARS-Data-Resources/blob/main/guides/AppEEARS.md,11,4
2025-05-09,nasa/AppEEARS-Data-Resources,/nasa/AppEEARS-Data-Resources/pulls,9,3
2025-05-09,nasa/AppEEARS-Data-Resources,/nasa/AppEEARS-Data-Resources/tree/main/guides,8,3
2025-05-09,nasa/ECOSTRESS-Data-Resources,/nasa/ECOSTRESS-Data-Resources,48,34
2025-05-09,nasa/ECOSTRESS-Data-Resources,/nasa/ECOSTRESS-Data-Resources/blob/main/python/tutorials/ECOSTRESS_Tutorial.ipynb,14,11
2025-05-09,nasa/ECOSTRESS-Data-Resources,/nasa/ECOSTRESS-Data-Resources/blob/main/guides/appeears_ecostress.md,14,6
2025-05-09,nasa/ECOSTRESS-Data-Resources,/nasa/ECOSTRESS-Data-Resources/tree/main/python/scripts/extract_geolocation_flag,13,9
2025-05-09,nasa/ECOSTRESS-Data-Resources,/nasa/ECOSTRESS-Data-Resources/tree/main/python/scripts/ecostress_swath2grid,11,6
2025-05-09,nasa/ECOSTRESS-Data-Resources,/nasa/ECOSTRESS-Data-Resources/tree/main/data,10,8
2025-05-09,nasa/ECOSTRESS-Data-Resources,/nasa/ECOSTRESS-Data-Resources/tree/main/python,9,7
2025-05-09,nasa/ECOSTRESS-Data-Resources,/nasa/ECOSTRESS-Data-Resources/tree/main/python/scripts,9,5
2025-05-09,nasa/ECOSTRESS-Data-Resources,/nasa/ECOSTRESS-Data-Resources/blob/main/python/scripts/ecostress_swath2grid/ECOSTRESS_swath2grid.py,8,7
2025-05-09,nasa/ECOSTRESS-Data-Resources,/nasa/ECOSTRESS-Data-Resources/tree/main/guides,8,5
2025-05-09,nasa/EMIT-Data-Resources,/nasa/EMIT-Data-Resources,114,80
2025-05-09,nasa/EMIT-Data-Resources,/nasa/EMIT-Data-Resources/blob/main/python/tutorials/Exploring_EMIT_L2A_Reflectance.ipynb,62,29
2025-05-09,nasa/EMIT-Data-Resources,/nasa/EMIT-Data-Resources/tree/main,36,12
2025-05-09,nasa/EMIT-Data-Resources,/nasa/EMIT-Data-Resources/tree/main/python,33,19
2025-05-09,nasa/EMIT-Data-Resources,/nasa/EMIT-Data-Resources/blob/main/python/tutorials/Visualizing_Methane_Plume_Timeseries.ipynb,30,11
2025-05-09,nasa/EMIT-Data-Resources,/nasa/EMIT-Data-Resources/blob/main/python/how-tos/How_to_Convert_to_ENVI.ipynb,24,16
2025-05-09,nasa/EMIT-Data-Resources,/nasa/EMIT-Data-Resources/blob/main/python/how-tos/How_to_use_EMIT_Quality_data.ipynb,24,15
2025-05-09,nasa/EMIT-Data-Resources,/nasa/EMIT-Data-Resources/blob/main/python/tutorials/Working_with_EMIT_L2B_Mineralogy.ipynb,20,10
2025-05-09,nasa/EMIT-Data-Resources,/nasa/EMIT-Data-Resources/blob/main/setup/setup_instructions.md,20,9
2025-05-09,nasa/EMIT-Data-Resources,/nasa/EMIT-Data-Resources/tree/main/python/tutorials,19,15
2025-05-09,nasa/GEDI-Data-Resources,/nasa/GEDI-Data-Resources,89,59
2025-05-09,nasa/GEDI-Data-Resources,/nasa/GEDI-Data-Resources/blob/main/python/tutorials/GEDI_L2A_V2_Tutorial.ipynb,57,25
2025-05-09,nasa/GEDI-Data-Resources,/nasa/GEDI-Data-Resources/tree/main,32,11
2025-05-09,nasa/GEDI-Data-Resources,/nasa/GEDI-Data-Resources/tree/main/python/scripts/GEDI_Subsetter,24,14
2025-05-09,nasa/GEDI-Data-Resources,/nasa/GEDI-Data-Resources/blob/main/python/tutorials/GEDI_L2B_V2_Tutorial.ipynb,22,15
2025-05-09,nasa/GEDI-Data-Resources,/nasa/GEDI-Data-Resources/tree/main/python/scripts,18,8
2025-05-09,nasa/GEDI-Data-Resources,/nasa/GEDI-Data-Resources/tree/main/python/scripts/GEDI_Finder,17,14
2025-05-09,nasa/GEDI-Data-Resources,/nasa/GEDI-Data-Resources/tree/main/img,17,7
2025-05-09,nasa/GEDI-Data-Resources,/nasa/GEDI-Data-Resources/blob/main/python/tutorials/GEDI_Finder_Tutorial_Python.ipynb,16,13
2025-05-09,nasa/GEDI-Data-Resources,/nasa/GEDI-Data-Resources/tree/main/data,15,12
2025-05-09,nasa/HLS-Data-Resources,/nasa/HLS-Data-Resources,137,82
2025-05-09,nasa/HLS-Data-Resources,/nasa/HLS-Data-Resources/blob/main/python/tutorials/HLS_Tutorial.ipynb,69,47
2025-05-09,nasa/HLS-Data-Resources,/nasa/HLS-Data-Resources/tree/main/bash/hls-bulk-download,65,29
2025-05-09,nasa/HLS-Data-Resources,/nasa/HLS-Data-Resources/blob/main/python/tutorials/EVI_timeseries_with_odc_stac.ipynb,38,13
2025-05-09,nasa/HLS-Data-Resources,/nasa/HLS-Data-Resources/tree/main/python/scripts/HLS_SuPER,32,20
2025-05-09,nasa/HLS-Data-Resources,/nasa/HLS-Data-Resources/blob/main/r/HLS_Tutorial.Rmd,19,13
2025-05-09,nasa/HLS-Data-Resources,/nasa/HLS-Data-Resources/tree/main/data,16,12
2025-05-09,nasa/HLS-Data-Resources,/nasa/HLS-Data-Resources/tree/main/python,16,12
2025-05-09,nasa/HLS-Data-Resources,/nasa/HLS-Data-Resources/blob/main/data/Field_Boundary.geojson,13,5
2025-05-09,nasa/HLS-Data-Resources,/nasa/HLS-Data-Resources/blob/main/bash/hls-bulk-download/README.md,11,5
2025-05-09,nasa/LPDAAC-Data-Resources,/nasa/LPDAAC-Data-Resources/tree/main/python/scripts/daac_data_download_python,99,61
2025-05-09,nasa/LPDAAC-Data-Resources,/nasa/LPDAAC-Data-Resources,69,32
2025-05-09,nasa/LPDAAC-Data-Resources,/nasa/LPDAAC-Data-Resources/blob/main/setup/setup_instructions_python.md,33,19
2025-05-09,nasa/LPDAAC-Data-Resources,/nasa/LPDAAC-Data-Resources/blob/main/python/scripts/daac_data_download_python/DAACDataDownload.py,20,17
2025-05-09,nasa/LPDAAC-Data-Resources,/nasa/LPDAAC-Data-Resources/tree/main/python,17,10
2025-05-09,nasa/LPDAAC-Data-Resources,/nasa/LPDAAC-Data-Resources/blob/main/guides/create_netrc_file.md,13,5
2025-05-09,nasa/LPDAAC-Data-Resources,/nasa/LPDAAC-Data-Resources/tree/main,12,9
2025-05-09,nasa/LPDAAC-Data-Resources,/nasa/LPDAAC-Data-Resources/blob/main/python/how-tos/Earthdata_Cloud__Download_file_from_S3.ipynb,11,7
2025-05-09,nasa/LPDAAC-Data-Resources,/nasa/LPDAAC-Data-Resources/blob/main/setup/lp_tutorials.yml,11,4
2025-05-09,nasa/LPDAAC-Data-Resources,/nasa/LPDAAC-Data-Resources/blob/main/data/.netrc,10,4
2025-05-09,nasa/VITALS,/nasa/VITALS,30,17
2025-05-09,nasa/VITALS,/nasa/VITALS/blob/main/setup/setup_instructions.md,13,4
2025-05-09,nasa/VITALS,/nasa/VITALS/tree/main/python,7,7
2025-05-09,nasa/VITALS,/nasa/VITALS/tree/main/setup,5,3
2025-05-09,nasa/VITALS,/nasa/VITALS/blob/main/python/02_Working_with_EMIT_Reflectance_and_ECOSTRESS_LST.ipynb,3,3
2025-05-09,nasa/VITALS,/nasa/VITALS/tree/main/data,3,2
2025-05-09,nasa/VITALS,/nasa/VITALS/blob/main/img/concurrent_data.png,3,1
2025-05-09,nasa/VITALS,/nasa/VITALS/tree/main/community_contributed,2,2
2025-05-09,nasa/VITALS,/nasa/VITALS/tree/main/community_contributed/NEON_EMIT,2,2
2025-05-09,nasa/VITALS,/nasa/VITALS/tree/main/python/modules,2,2
2025-05-23,nasa/AppEEARS-Data-Resources,/nasa/AppEEARS-Data-Resources,96,66
2025-05-23,nasa/AppEEARS-Data-Resources,/nasa/AppEEARS-Data-Resources/blob/main/Python/tutorials/AppEEARS_API_Area.ipynb,37,28
2025-05-23,nasa/AppEEARS-Data-Resources,/nasa/AppEEARS-Data-Resources/blob/main/Python/tutorials/AppEEARS_API_Point.ipynb,11,6
2025-05-23,nasa/AppEEARS-Data-Resources,/nasa/AppEEARS-Data-Resources/blob/main/guides/How-to-bulk-download-AppEEARS-outputs.md,10,8
2025-05-23,nasa/AppEEARS-Data-Resources,/nasa/AppEEARS-Data-Resources/tree/main,10,5
2025-05-23,nasa/AppEEARS-Data-Resources,/nasa/AppEEARS-Data-Resources/blob/main/R/tutorials/AppEEARS_API_Point_R.Rmd,8,4
2025-05-23,nasa/AppEEARS-Data-Resources,/nasa/AppEEARS-Data-Resources/tree/main/Python/tutorials,7,6
2025-05-23,nasa/AppEEARS-Data-Resources,/nasa/AppEEARS-Data-Resources/blob/main/R/tutorials/AppEEARS_API_Area_R.Rmd,7,5
2025-05-23,nasa/AppEEARS-Data-Resources,/nasa/AppEEARS-Data-Resources/tree/main/Python,6,4
2025-05-23,nasa/AppEEARS-Data-Resources,/nasa/AppEEARS-Data-Resources/commits/main/Python/tutorials/AppEEARS_API_Point.ipynb,5,2
2025-05-23,nasa/ECOSTRESS-Data-Resources,/nasa/ECOSTRESS-Data-Resources,59,41
2025-05-23,nasa/ECOSTRESS-Data-Resources,/nasa/ECOSTRESS-Data-Resources/blob/main/python/tutorials/ECOSTRESS_Tutorial.ipynb,29,18
2025-05-23,nasa/ECOSTRESS-Data-Resources,/nasa/ECOSTRESS-Data-Resources/tree/main/python/scripts/ecostress_swath2grid,23,12
2025-05-23,nasa/ECOSTRESS-Data-Resources,/nasa/ECOSTRESS-Data-Resources/tree/main/data,16,10
2025-05-23,nasa/ECOSTRESS-Data-Resources,/nasa/ECOSTRESS-Data-Resources/tree/main/python/scripts/extract_geolocation_flag,15,11
2025-05-23,nasa/ECOSTRESS-Data-Resources,/nasa/ECOSTRESS-Data-Resources/blob/main/python/scripts/ecostress_swath2grid/ECOSTRESS_swath2grid.py,15,8
2025-05-23,nasa/ECOSTRESS-Data-Resources,/nasa/ECOSTRESS-Data-Resources/tree/main/python,11,9
2025-05-23,nasa/ECOSTRESS-Data-Resources,/nasa/ECOSTRESS-Data-Resources/blob/main/python/tutorials/Work_with_ECOSTRESS_L2T_LSTE_data.ipynb,11,4
2025-05-23,nasa/ECOSTRESS-Data-Resources,/nasa/ECOSTRESS-Data-Resources/tree/main/python/scripts,9,7
2025-05-23,nasa/ECOSTRESS-Data-Resources,/nasa/ECOSTRESS-Data-Resources/tree/main,8,6
2025-05-23,nasa/EMIT-Data-Resources,/nasa/EMIT-Data-Resources,160,92
2025-05-23,nasa/EMIT-Data-Resources,/nasa/EMIT-Data-Resources/tree/main,89,29
2025-05-23,nasa/EMIT-Data-Resources,/nasa/EMIT-Data-Resources/blob/main/python/tutorials/Exploring_EMIT_L2A_Reflectance.ipynb,88,49
2025-05-23,nasa/EMIT-Data-Resources,/nasa/EMIT-Data-Resources/tree/main/python,84,30
2025-05-23,nasa/EMIT-Data-Resources,/nasa/EMIT-Data-Resources/blob/main/python/tutorials/Working_with_EMIT_L2B_Mineralogy.ipynb,60,28
2025-05-23,nasa/EMIT-Data-Resources,/nasa/EMIT-Data-Resources/tree/main/setup,49,21
2025-05-23,nasa/EMIT-Data-Resources,/nasa/EMIT-Data-Resources/blob/main/python/tutorials/Visualizing_Methane_Plume_Timeseries.ipynb,44,24
2025-05-23,nasa/EMIT-Data-Resources,/nasa/EMIT-Data-Resources/blob/main/python/how-tos/How_to_Convert_to_ENVI.ipynb,44,22
2025-05-23,nasa/EMIT-Data-Resources,/nasa/EMIT-Data-Resources/blob/main/setup/setup_instructions.md,43,18
2025-05-23,nasa/EMIT-Data-Resources,/nasa/EMIT-Data-Resources/blob/main/guides/Getting_EMIT_Data_using_EarthData_Search.md,41,25
2025-05-23,nasa/GEDI-Data-Resources,/nasa/GEDI-Data-Resources,114,63
2025-05-23,nasa/GEDI-Data-Resources,/nasa/GEDI-Data-Resources/blob/main/python/tutorials/GEDI_L2A_V2_Tutorial.ipynb,75,43
2025-05-23,nasa/GEDI-Data-Resources,/nasa/GEDI-Data-Resources/blob/main/python/tutorials/GEDI_L2B_V2_Tutorial.ipynb,47,30
2025-05-23,nasa/GEDI-Data-Resources,/nasa/GEDI-Data-Resources/blob/main/python/tutorials/GEDI_L1B_V2_Tutorial.ipynb,39,19
2025-05-23,nasa/GEDI-Data-Resources,/nasa/GEDI-Data-Resources/tree/main/python/scripts/GEDI_Subsetter,34,13
2025-05-23,nasa/GEDI-Data-Resources,/nasa/GEDI-Data-Resources/blob/main/python/tutorials/GEDI_Finder_Tutorial_Python.ipynb,33,17
2025-05-23,nasa/GEDI-Data-Resources,/nasa/GEDI-Data-Resources/tree/main/python/scripts/GEDI_Finder,30,15
2025-05-23,nasa/GEDI-Data-Resources,/nasa/GEDI-Data-Resources/blob/main/python/how-tos/how-to-find-and-access-GEDI-data_earthaccess.ipynb,26,16
2025-05-23,nasa/GEDI-Data-Resources,/nasa/GEDI-Data-Resources/tree/main,25,18
2025-05-23,nasa/GEDI-Data-Resources,/nasa/GEDI-Data-Resources/tree/main/python,23,11
2025-05-23,nasa/HLS-Data-Resources,/nasa/HLS-Data-Resources,156,89
2025-05-23,nasa/HLS-Data-Resources,/nasa/HLS-Data-Resources/blob/main/python/tutorials/HLS_Tutorial.ipynb,96,49
2025-05-23,nasa/HLS-Data-Resources,/nasa/HLS-Data-Resources/tree/main/bash/hls-bulk-download,59,26
2025-05-23,nasa/HLS-Data-Resources,/nasa/HLS-Data-Resources/blob/main/python/tutorials/EVI_timeseries_with_odc_stac.ipynb,53,21
2025-05-23,nasa/HLS-Data-Resources,/nasa/HLS-Data-Resources/tree/main/python/scripts/HLS_SuPER,48,23
2025-05-23,nasa/HLS-Data-Resources,/nasa/HLS-Data-Resources/tree/main/python,28,14
2025-05-23,nasa/HLS-Data-Resources,/nasa/HLS-Data-Resources/blob/main/r/HLS_Tutorial.Rmd,22,12
2025-05-23,nasa/HLS-Data-Resources,/nasa/HLS-Data-Resources/tree/main,20,11
2025-05-23,nasa/HLS-Data-Resources,/nasa/HLS-Data-Resources/tree/main/python/tutorials,13,9
2025-05-23,nasa/HLS-Data-Resources,/nasa/HLS-Data-Resources/tree/main/data,11,10
2025-05-23,nasa/LPDAAC-Data-Resources,/nasa/LPDAAC-Data-Resources,86,42
2025-05-23,nasa/LPDAAC-Data-Resources,/nasa/LPDAAC-Data-Resources/tree/main/python/scripts/daac_data_download_python,72,34
2025-05-23,nasa/LPDAAC-Data-Resources,/nasa/LPDAAC-Data-Resources/blob/main/setup/setup_instructions_python.md,30,16
2025-05-23,nasa/LPDAAC-Data-Resources,/nasa/LPDAAC-Data-Resources/blob/main/python/scripts/daac_data_download_python/DAACDataDownload.py,16,13
2025-05-23,nasa/LPDAAC-Data-Resources,/nasa/LPDAAC-Data-Resources/tree/main/python,16,13
2025-05-23,nasa/LPDAAC-Data-Resources,/nasa/LPDAAC-Data-Resources/blob/main/guides/create_netrc_file.md,14,10
2025-05-23,nasa/LPDAAC-Data-Resources,/nasa/LPDAAC-Data-Resources/tree/main,13,8
2025-05-23,nasa/LPDAAC-Data-Resources,/nasa/LPDAAC-Data-Resources/branches,11,3
2025-05-23,nasa/LPDAAC-Data-Resources,/nasa/LPDAAC-Data-Resources/blob/main/python/tutorials/data_discovery_CMR_API_requests.ipynb,9,8
2025-05-23,nasa/LPDAAC-Data-Resources,/nasa/LPDAAC-Data-Resources/tree/main/python/tutorials,9,8
2025-05-23,nasa/VITALS,/nasa/VITALS,166,58
2025-05-23,nasa/VITALS,/nasa/VITALS/pulls,43,2
2025-05-23,nasa/VITALS,/nasa/VITALS/tree/main/python,32,19
2025-05-23,nasa/VITALS,/nasa/VITALS/blob/sbgtim_concurrent_update/python/Finding_Coincident_Airborne_and_Orbital_Data.ipynb,25,9
2025-05-23,nasa/VITALS,/nasa/VITALS/tree/main,19,7
2025-05-23,nasa/VITALS,/nasa/VITALS/pull/36/commits,18,2
2025-05-23,nasa/VITALS,/nasa/VITALS/blob/main/setup/setup_instructions.md,15,9
2025-05-23,nasa/VITALS,/nasa/VITALS/pull/36,15,4
2025-05-23,nasa/VITALS,/nasa/VITALS/tree/webbook,14,2
2025-05-23,nasa/VITALS,/nasa/VITALS/blob/main/python/01_Finding_Concurrent_Data.ipynb,13,6
2025-06-06,nasa/AppEEARS-Data-Resources,/nasa/AppEEARS-Data-Resources,145,72
2025-06-06,nasa/AppEEARS-Data-Resources,/nasa/AppEEARS-Data-Resources/blob/main/Python/tutorials/AppEEARS_API_Area.ipynb,59,33
2025-06-06,nasa/AppEEARS-Data-Resources,/nasa/AppEEARS-Data-Resources/blob/main/R/tutorials/AppEEARS_API_Area_R.Rmd,15,8
2025-06-06,nasa/AppEEARS-Data-Resources,/nasa/AppEEARS-Data-Resources/tree/main/Python,12,8
2025-06-06,nasa/AppEEARS-Data-Resources,/nasa/AppEEARS-Data-Resources/blob/main/Python/tutorials/Point_Sample_AppEEARS_S3_Direct_Access.ipynb,12,4
2025-06-06,nasa/AppEEARS-Data-Resources,/nasa/AppEEARS-Data-Resources/tree/main/Python/tutorials,11,8
2025-06-06,nasa/AppEEARS-Data-Resources,/nasa/AppEEARS-Data-Resources/blob/main/guides/How-to-bulk-download-AppEEARS-outputs.md,10,8
2025-06-06,nasa/AppEEARS-Data-Resources,/nasa/AppEEARS-Data-Resources/blob/main/Python/tutorials/AppEEARS_API_Point.ipynb,9,7
2025-06-06,nasa/AppEEARS-Data-Resources,/nasa/AppEEARS-Data-Resources/blob/main/guides/AppEEARS.md,9,6
2025-06-06,nasa/AppEEARS-Data-Resources,/nasa/AppEEARS-Data-Resources/blob/main/Python/tutorials/COG_AppEEARS_S3_Direct_Access.ipynb,9,5
2025-06-06,nasa/ECOSTRESS-Data-Resources,/nasa/ECOSTRESS-Data-Resources,44,32
2025-06-06,nasa/ECOSTRESS-Data-Resources,/nasa/ECOSTRESS-Data-Resources/blob/main/python/tutorials/ECOSTRESS_Tutorial.ipynb,38,21
2025-06-06,nasa/ECOSTRESS-Data-Resources,/nasa/ECOSTRESS-Data-Resources/tree/main/python/scripts/ecostress_swath2grid,20,10
2025-06-06,nasa/ECOSTRESS-Data-Resources,/nasa/ECOSTRESS-Data-Resources/blob/main/python/tutorials/Work_with_ECOSTRESS_L2T_LSTE_data.ipynb,13,2
2025-06-06,nasa/ECOSTRESS-Data-Resources,/nasa/ECOSTRESS-Data-Resources/tree/main,10,6
2025-06-06,nasa/ECOSTRESS-Data-Resources,/nasa/ECOSTRESS-Data-Resources/blob/main/guides/earthdata_search_ecostress.md,9,7
2025-06-06,nasa/ECOSTRESS-Data-Resources,/nasa/ECOSTRESS-Data-Resources/tree/main/python/tutorials,9,7
2025-06-06,nasa/ECOSTRESS-Data-Resources,/nasa/ECOSTRESS-Data-Resources/blob/main/python/scripts/ecostress_swath2grid/ECOSTRESS_swath2grid.py,9,5
2025-06-06,nasa/ECOSTRESS-Data-Resources,/nasa/ECOSTRESS-Data-Resources/blob/main/python/how-tos/how_to_direct_access_http_ecostress_cog.ipynb,8,8
2025-06-06,nasa/ECOSTRESS-Data-Resources,/nasa/ECOSTRESS-Data-Resources/tree/main/python,8,7
2025-06-06,nasa/EMIT-Data-Resources,/nasa/EMIT-Data-Resources,157,92
2025-06-06,nasa/EMIT-Data-Resources,/nasa/EMIT-Data-Resources/blob/main/python/tutorials/Exploring_EMIT_L2A_Reflectance.ipynb,69,39
2025-06-06,nasa/EMIT-Data-Resources,/nasa/EMIT-Data-Resources/tree/main/python,64,34
2025-06-06,nasa/EMIT-Data-Resources,/nasa/EMIT-Data-Resources/tree/main,41,26
2025-06-06,nasa/EMIT-Data-Resources,/nasa/EMIT-Data-Resources/tree/main/python/tutorials,41,24
2025-06-06,nasa/EMIT-Data-Resources,/nasa/EMIT-Data-Resources/blob/main/python/tutorials/Working_with_EMIT_L2B_Mineralogy.ipynb,40,26
2025-06-06,nasa/EMIT-Data-Resources,/nasa/EMIT-Data-Resources/blob/main/guides/Getting_EMIT_Data_using_EarthData_Search.md,35,22
2025-06-06,nasa/EMIT-Data-Resources,/nasa/EMIT-Data-Resources/blob/main/python/tutorials/Visualizing_Methane_Plume_Timeseries.ipynb,35,19
2025-06-06,nasa/EMIT-Data-Resources,/nasa/EMIT-Data-Resources/blob/main/python/how-tos/How_to_Convert_to_ENVI.ipynb,31,22
2025-06-06,nasa/EMIT-Data-Resources,/nasa/EMIT-Data-Resources/blob/main/setup/setup_instructions.md,31,11
2025-06-06,nasa/GEDI-Data-Resources,/nasa/GEDI-Data-Resources,98,64
2025-06-06,nasa/GEDI-Data-Resources,/nasa/GEDI-Data-Resources/blob/main/python/tutorials/GEDI_L2A_V2_Tutorial.ipynb,73,38
2025-06-06,nasa/GEDI-Data-Resources,/nasa/GEDI-Data-Resources/blob/main/python/tutorials/GEDI_L2B_V2_Tutorial.ipynb,40,20
2025-06-06,nasa/GEDI-Data-Resources,/nasa/GEDI-Data-Resources/tree/main,38,19
2025-06-06,nasa/GEDI-Data-Resources,/nasa/GEDI-Data-Resources/blob/main/python/tutorials/GEDI_L1B_V2_Tutorial.ipynb,25,12
2025-06-06,nasa/GEDI-Data-Resources,/nasa/GEDI-Data-Resources/tree/main/python,24,15
2025-06-06,nasa/GEDI-Data-Resources,/nasa/GEDI-Data-Resources/tree/main/data,18,13
2025-06-06,nasa/GEDI-Data-Resources,/nasa/GEDI-Data-Resources/blob/main/python/how-tos/how-to-find-and-access-GEDI-data_earthaccess.ipynb,18,11
2025-06-06,nasa/GEDI-Data-Resources,/nasa/GEDI-Data-Resources/blob/main/r/GEDI_Finder_Tutorial_R.rmd,18,11
2025-06-06,nasa/GEDI-Data-Resources,/nasa/GEDI-Data-Resources/tree/main/python/scripts/GEDI_Subsetter,18,10
2025-06-06,nasa/HLS-Data-Resources,/nasa/HLS-Data-Resources,192,129
2025-06-06,nasa/HLS-Data-Resources,/nasa/HLS-Data-Resources/blob/main/python/tutorials/HLS_Tutorial.ipynb,144,84
2025-06-06,nasa/HLS-Data-Resources,/nasa/HLS-Data-Resources/tree/main/bash/hls-bulk-download,82,43
2025-06-06,nasa/HLS-Data-Resources,/nasa/HLS-Data-Resources/tree/main/python/scripts/HLS_SuPER,78,38
2025-06-06,nasa/HLS-Data-Resources,/nasa/HLS-Data-Resources/blob/main/python/tutorials/EVI_timeseries_with_odc_stac.ipynb,41,21
2025-06-06,nasa/HLS-Data-Resources,/nasa/HLS-Data-Resources/tree/main/python,35,23
2025-06-06,nasa/HLS-Data-Resources,/nasa/HLS-Data-Resources/tree/main/python/tutorials,26,20
2025-06-06,nasa/HLS-Data-Resources,/nasa/HLS-Data-Resources/tree/main,20,14
2025-06-06,nasa/HLS-Data-Resources,/nasa/HLS-Data-Resources/blob/main/r/HLS_Tutorial.Rmd,19,13
2025-06-06,nasa/HLS-Data-Resources,/nasa/HLS-Data-Resources/blob/main/data/Field_Boundary.geojson,18,8
2025-06-06,nasa/LPDAAC-Data-Resources,/nasa/LPDAAC-Data-Resources,106,44
2025-06-06,nasa/LPDAAC-Data-Resources,/nasa/LPDAAC-Data-Resources/tree/main/python/scripts/daac_data_download_python,87,48
2025-06-06,nasa/LPDAAC-Data-Resources,/nasa/LPDAAC-Data-Resources/blob/main/setup/setup_instructions_python.md,37,13
2025-06-06,nasa/LPDAAC-Data-Resources,/nasa/LPDAAC-Data-Resources/tree/main,31,14
2025-06-06,nasa/LPDAAC-Data-Resources,/nasa/LPDAAC-Data-Resources/blob/main/python/scripts/daac_data_download_python/DAACDataDownload.py,30,21
2025-06-06,nasa/LPDAAC-Data-Resources,/nasa/LPDAAC-Data-Resources/tree/main/python,20,12
2025-06-06,nasa/LPDAAC-Data-Resources,/nasa/LPDAAC-Data-Resources/blob/main/guides/NASA_LPDAAC_Data_Access_Guide.md,16,8
2025-06-06,nasa/LPDAAC-Data-Resources,/nasa/LPDAAC-Data-Resources/tree/main/python/tutorials,15,12
2025-06-06,nasa/LPDAAC-Data-Resources,/nasa/LPDAAC-Data-Resources/blob/main/python/tutorials/earthaccess_introduction.ipynb,15,11
2025-06-06,nasa/LPDAAC-Data-Resources,/nasa/LPDAAC-Data-Resources/blob/main/guides/create_netrc_file.md,15,8
2025-06-06,nasa/VITALS,/nasa/VITALS,30,24
2025-06-06,nasa/VITALS,/nasa/VITALS/tree/main/python,14,9
2025-06-06,nasa/VITALS,/nasa/VITALS/blob/main/python/01_Finding_Concurrent_Data.ipynb,11,3
2025-06-06,nasa/VITALS,/nasa/VITALS/tree/main,5,4
2025-06-06,nasa/VITALS,/nasa/VITALS/tree/main/community_contributed,5,4
2025-06-06,nasa/VITALS,/nasa/VITALS/blob/main/python/02_Working_with_EMIT_Reflectance_and_ECOSTRESS_LST.ipynb,5,3
2025-06-06,nasa/VITALS,/nasa/VITALS/blob/main/environment.yml,4,3
2025-06-06,nasa/VITALS,/nasa/VITALS/blob/main/LICENSE,3,3
2025-06-06,nasa/VITALS,/nasa/VITALS/blob/main/README.md,3,3
2025-06-06,nasa/VITALS,/nasa/VITALS/tree/main/python/modules,3,3
