date,repository,referrer,count
2025-05-09,nasa/AppEEARS-Data-Resources,github.com,39
2025-05-09,nasa/AppEEARS-Data-Resources,statics.teams.cdn.office.net,32
2025-05-09,nasa/AppEEARS-Data-Resources,Google,21
2025-05-09,nasa/AppEEARS-Data-Resources,git.earthdata.nasa.gov,10
2025-05-09,nasa/AppEEARS-Data-Resources,DuckDuckGo,5
2025-05-09,nasa/AppEEARS-Data-Resources,forum.earthdata.nasa.gov,2
2025-05-09,nasa/AppEEARS-Data-Resources,fprime.jpl.nasa.gov,1
2025-05-09,nasa/AppEEARS-Data-Resources,Bing,1
2025-05-09,nasa/AppEEARS-Data-Resources,frontiersin.org,1
2025-05-09,nasa/ECOSTRESS-Data-Resources,Google,58
2025-05-09,nasa/ECOSTRESS-Data-Resources,git.earthdata.nasa.gov,15
2025-05-09,nasa/ECOSTRESS-Data-Resources,Bing,5
2025-05-09,nasa/ECOSTRESS-Data-Resources,DuckDuckGo,5
2025-05-09,nasa/ECOSTRESS-Data-Resources,ecostress.jpl.nasa.gov,4
2025-05-09,nasa/ECOSTRESS-Data-Resources,cn.bing.com,3
2025-05-09,nasa/ECOSTRESS-Data-Resources,github.com,2
2025-05-09,nasa/ECOSTRESS-Data-Resources,statics.teams.cdn.office.net,2
2025-05-09,nasa/ECOSTRESS-Data-Resources,Yahoo,1
2025-05-09,nasa/EMIT-Data-Resources,Google,172
2025-05-09,nasa/EMIT-Data-Resources,github.com,35
2025-05-09,nasa/EMIT-Data-Resources,snopes.com,9
2025-05-09,nasa/EMIT-Data-Resources,notebooks.githubusercontent.com,8
2025-05-09,nasa/EMIT-Data-Resources,Bing,6
2025-05-09,nasa/EMIT-Data-Resources,chatgpt.com,6
2025-05-09,nasa/EMIT-Data-Resources,dansousa.org,3
2025-05-09,nasa/EMIT-Data-Resources,DuckDuckGo,3
2025-05-09,nasa/EMIT-Data-Resources,earth.jpl.nasa.gov,3
2025-05-09,nasa/EMIT-Data-Resources,search.earthdata.nasa.gov,2
2025-05-09,nasa/GEDI-Data-Resources,Google,97
2025-05-09,nasa/GEDI-Data-Resources,git.earthdata.nasa.gov,42
2025-05-09,nasa/GEDI-Data-Resources,perplexity.ai,12
2025-05-09,nasa/GEDI-Data-Resources,github.com,10
2025-05-09,nasa/GEDI-Data-Resources,Bing,9
2025-05-09,nasa/GEDI-Data-Resources,notebooks.githubusercontent.com,7
2025-05-09,nasa/GEDI-Data-Resources,cn.bing.com,7
2025-05-09,nasa/GEDI-Data-Resources,studentcentral.brighton.ac.uk,5
2025-05-09,nasa/GEDI-Data-Resources,chatgpt.com,1
2025-05-09,nasa/GEDI-Data-Resources,mail.google.com,1
2025-05-09,nasa/HLS-Data-Resources,Google,121
2025-05-09,nasa/HLS-Data-Resources,git.earthdata.nasa.gov,64
2025-05-09,nasa/HLS-Data-Resources,Bing,29
2025-05-09,nasa/HLS-Data-Resources,notebooks.githubusercontent.com,16
2025-05-09,nasa/HLS-Data-Resources,search.earthdata.nasa.gov,9
2025-05-09,nasa/HLS-Data-Resources,chatgpt.com,7
2025-05-09,nasa/HLS-Data-Resources,github.com,6
2025-05-09,nasa/HLS-Data-Resources,DuckDuckGo,3
2025-05-09,nasa/HLS-Data-Resources,cn.bing.com,3
2025-05-09,nasa/HLS-Data-Resources,forum.earthdata.nasa.gov,2
2025-05-09,nasa/LPDAAC-Data-Resources,Google,52
2025-05-09,nasa/LPDAAC-Data-Resources,github.com,44
2025-05-09,nasa/LPDAAC-Data-Resources,git.earthdata.nasa.gov,15
2025-05-09,nasa/LPDAAC-Data-Resources,statics.teams.cdn.office.net,10
2025-05-09,nasa/LPDAAC-Data-Resources,forum.earthdata.nasa.gov,9
2025-05-09,nasa/LPDAAC-Data-Resources,Bing,5
2025-05-09,nasa/LPDAAC-Data-Resources,studentcentral.brighton.ac.uk,3
2025-05-09,nasa/LPDAAC-Data-Resources,nasa-openscapes.github.io,2
2025-05-09,nasa/LPDAAC-Data-Resources,notebooks.githubusercontent.com,1
2025-05-09,nasa/LPDAAC-Data-Resources,yandex.ru,1
2025-05-09,nasa/VITALS,github.com,15
2025-05-09,nasa/VITALS,Google,11
2025-05-09,nasa/VITALS,notebooks.githubusercontent.com,8
2025-05-09,nasa/VITALS,statics.teams.cdn.office.net,1
2025-05-23,nasa/AppEEARS-Data-Resources,Google,33
2025-05-23,nasa/AppEEARS-Data-Resources,git.earthdata.nasa.gov,16
2025-05-23,nasa/AppEEARS-Data-Resources,github.com,15
2025-05-23,nasa/AppEEARS-Data-Resources,statics.teams.cdn.office.net,13
2025-05-23,nasa/AppEEARS-Data-Resources,youtube.com,8
2025-05-23,nasa/ECOSTRESS-Data-Resources,git.earthdata.nasa.gov,50
2025-05-23,nasa/ECOSTRESS-Data-Resources,Google,38
2025-05-23,nasa/ECOSTRESS-Data-Resources,github.com,7
2025-05-23,nasa/ECOSTRESS-Data-Resources,statics.teams.cdn.office.net,4
2025-05-23,nasa/ECOSTRESS-Data-Resources,ecostress.jpl.nasa.gov,3
2025-05-23,nasa/ECOSTRESS-Data-Resources,cn.bing.com,3
2025-05-23,nasa/ECOSTRESS-Data-Resources,search.earthdata.nasa.gov,3
2025-05-23,nasa/ECOSTRESS-Data-Resources,Bing,1
2025-05-23,nasa/ECOSTRESS-Data-Resources,perplexity.ai,1
2025-05-23,nasa/EMIT-Data-Resources,Google,293
2025-05-23,nasa/EMIT-Data-Resources,github.com,76
2025-05-23,nasa/EMIT-Data-Resources,chatgpt.com,26
2025-05-23,nasa/EMIT-Data-Resources,notebooks.githubusercontent.com,13
2025-05-23,nasa/EMIT-Data-Resources,Bing,12
2025-05-23,nasa/EMIT-Data-Resources,keep.google.com,10
2025-05-23,nasa/EMIT-Data-Resources,bioscape-smce-user-guide.readthedocs.io,10
2025-05-23,nasa/EMIT-Data-Resources,qwant.com,6
2025-05-23,nasa/EMIT-Data-Resources,DuckDuckGo,6
2025-05-23,nasa/EMIT-Data-Resources,dansousa.org,5
2025-05-23,nasa/GEDI-Data-Resources,Google,161
2025-05-23,nasa/GEDI-Data-Resources,git.earthdata.nasa.gov,52
2025-05-23,nasa/GEDI-Data-Resources,notebooks.githubusercontent.com,29
2025-05-23,nasa/GEDI-Data-Resources,github.com,24
2025-05-23,nasa/GEDI-Data-Resources,statics.teams.cdn.office.net,15
2025-05-23,nasa/GEDI-Data-Resources,Bing,8
2025-05-23,nasa/GEDI-Data-Resources,pdf.sciencedirectassets.com,5
2025-05-23,nasa/GEDI-Data-Resources,sciencedirect.com,5
2025-05-23,nasa/GEDI-Data-Resources,chatgpt.com,4
2025-05-23,nasa/GEDI-Data-Resources,studentcentral.brighton.ac.uk,4
2025-05-23,nasa/HLS-Data-Resources,Google,91
2025-05-23,nasa/HLS-Data-Resources,git.earthdata.nasa.gov,74
2025-05-23,nasa/HLS-Data-Resources,hls.gsfc.nasa.gov,47
2025-05-23,nasa/HLS-Data-Resources,github.com,32
2025-05-23,nasa/HLS-Data-Resources,statics.teams.cdn.office.net,16
2025-05-23,nasa/HLS-Data-Resources,forum.earthdata.nasa.gov,14
2025-05-23,nasa/HLS-Data-Resources,notebooks.githubusercontent.com,8
2025-05-23,nasa/HLS-Data-Resources,Bing,4
2025-05-23,nasa/HLS-Data-Resources,urthecast.atlassian.net,2
2025-05-23,nasa/HLS-Data-Resources,translate.google.com,1
2025-05-23,nasa/LPDAAC-Data-Resources,github.com,38
2025-05-23,nasa/LPDAAC-Data-Resources,Google,36
2025-05-23,nasa/LPDAAC-Data-Resources,forum.earthdata.nasa.gov,8
2025-05-23,nasa/LPDAAC-Data-Resources,statics.teams.cdn.office.net,6
2025-05-23,nasa/LPDAAC-Data-Resources,nasa-openscapes.github.io,6
2025-05-23,nasa/LPDAAC-Data-Resources,notebooks.githubusercontent.com,3
2025-05-23,nasa/LPDAAC-Data-Resources,youtube.com,2
2025-05-23,nasa/LPDAAC-Data-Resources,hls.gsfc.nasa.gov,1
2025-05-23,nasa/LPDAAC-Data-Resources,Bing,1
2025-05-23,nasa/LPDAAC-Data-Resources,translate.google.com,1
2025-05-23,nasa/VITALS,Google,79
2025-05-23,nasa/VITALS,github.com,65
2025-05-23,nasa/VITALS,nasa.github.io,49
2025-05-23,nasa/VITALS,statics.teams.cdn.office.net,31
2025-05-23,nasa/VITALS,chatgpt.com,3
2025-05-23,nasa/VITALS,Baidu,2
2025-05-23,nasa/VITALS,mail.google.com,1
2025-05-23,nasa/VITALS,docs.google.com,1
2025-05-23,nasa/VITALS,Bing,1
2025-05-23,nasa/VITALS,workshop.openscapes.2i2c.cloud,1
2025-06-06,nasa/AppEEARS-Data-Resources,Google,45
2025-06-06,nasa/AppEEARS-Data-Resources,youtube.com,43
2025-06-06,nasa/AppEEARS-Data-Resources,github.com,22
2025-06-06,nasa/AppEEARS-Data-Resources,claude.ai,13
2025-06-06,nasa/AppEEARS-Data-Resources,statics.teams.cdn.office.net,5
2025-06-06,nasa/AppEEARS-Data-Resources,git.earthdata.nasa.gov,3
2025-06-06,nasa/AppEEARS-Data-Resources,Bing,2
2025-06-06,nasa/AppEEARS-Data-Resources,chatgpt.com,2
2025-06-06,nasa/AppEEARS-Data-Resources,forum.earthdata.nasa.gov,1
2025-06-06,nasa/ECOSTRESS-Data-Resources,Google,44
2025-06-06,nasa/ECOSTRESS-Data-Resources,git.earthdata.nasa.gov,28
2025-06-06,nasa/ECOSTRESS-Data-Resources,Bing,19
2025-06-06,nasa/ECOSTRESS-Data-Resources,ecostress.jpl.nasa.gov,6
2025-06-06,nasa/ECOSTRESS-Data-Resources,github.com,4
2025-06-06,nasa/EMIT-Data-Resources,Google,321
2025-06-06,nasa/EMIT-Data-Resources,github.com,52
2025-06-06,nasa/EMIT-Data-Resources,chatgpt.com,25
2025-06-06,nasa/EMIT-Data-Resources,Bing,15
2025-06-06,nasa/EMIT-Data-Resources,dansousa.org,11
2025-06-06,nasa/EMIT-Data-Resources,gemini.google.com,6
2025-06-06,nasa/EMIT-Data-Resources,DuckDuckGo,2
2025-06-06,nasa/EMIT-Data-Resources,nasa.github.io,2
2025-06-06,nasa/EMIT-Data-Resources,cloud.bioscape.io,1
2025-06-06,nasa/EMIT-Data-Resources,cn.bing.com,1
2025-06-06,nasa/GEDI-Data-Resources,Google,97
2025-06-06,nasa/GEDI-Data-Resources,git.earthdata.nasa.gov,39
2025-06-06,nasa/GEDI-Data-Resources,notebooks.githubusercontent.com,27
2025-06-06,nasa/GEDI-Data-Resources,cn.bing.com,15
2025-06-06,nasa/GEDI-Data-Resources,forum.earthdata.nasa.gov,10
2025-06-06,nasa/GEDI-Data-Resources,github.com,9
2025-06-06,nasa/GEDI-Data-Resources,appliedsciences.nasa.gov,6
2025-06-06,nasa/GEDI-Data-Resources,Bing,2
2025-06-06,nasa/GEDI-Data-Resources,chatgpt.com,2
2025-06-06,nasa/GEDI-Data-Resources,sciencedirect.com,2
2025-06-06,nasa/HLS-Data-Resources,git.earthdata.nasa.gov,202
2025-06-06,nasa/HLS-Data-Resources,Google,68
2025-06-06,nasa/HLS-Data-Resources,hls.gsfc.nasa.gov,58
2025-06-06,nasa/HLS-Data-Resources,github.com,36
2025-06-06,nasa/HLS-Data-Resources,notebooks.githubusercontent.com,7
2025-06-06,nasa/HLS-Data-Resources,forum.earthdata.nasa.gov,5
2025-06-06,nasa/HLS-Data-Resources,Bing,3
2025-06-06,nasa/HLS-Data-Resources,statics.teams.cdn.office.net,3
2025-06-06,nasa/HLS-Data-Resources,DuckDuckGo,1
2025-06-06,nasa/HLS-Data-Resources,perplexity.ai,1
2025-06-06,nasa/LPDAAC-Data-Resources,github.com,55
2025-06-06,nasa/LPDAAC-Data-Resources,git.earthdata.nasa.gov,29
2025-06-06,nasa/LPDAAC-Data-Resources,Google,15
2025-06-06,nasa/LPDAAC-Data-Resources,youtube.com,15
2025-06-06,nasa/LPDAAC-Data-Resources,statics.teams.cdn.office.net,12
2025-06-06,nasa/LPDAAC-Data-Resources,gbc-word-edit.officeapps.live.com,10
2025-06-06,nasa/LPDAAC-Data-Resources,forum.earthdata.nasa.gov,9
2025-06-06,nasa/LPDAAC-Data-Resources,hls.gsfc.nasa.gov,4
2025-06-06,nasa/LPDAAC-Data-Resources,nasa-openscapes.github.io,4
2025-06-06,nasa/LPDAAC-Data-Resources,nasa.github.io,3
2025-06-06,nasa/VITALS,Google,18
2025-06-06,nasa/VITALS,github.com,7
2025-06-06,nasa/VITALS,notebooks.githubusercontent.com,2
2025-06-06,nasa/VITALS,statics.teams.cdn.office.net,1
2025-06-06,nasa/VITALS,Bing,1
2025-06-06,nasa/VITALS,tr.search.yahoo.com,1
2025-06-13,nasa/AppEEARS-Data-Resources,Google,44
2025-06-13,nasa/AppEEARS-Data-Resources,youtube.com,35
2025-06-13,nasa/AppEEARS-Data-Resources,github.com,25
2025-06-13,nasa/AppEEARS-Data-Resources,claude.ai,13
2025-06-13,nasa/AppEEARS-Data-Resources,git.earthdata.nasa.gov,4
2025-06-13,nasa/AppEEARS-Data-Resources,Bing,2
2025-06-13,nasa/AppEEARS-Data-Resources,chatgpt.com,2
2025-06-13,nasa/AppEEARS-Data-Resources,forum.earthdata.nasa.gov,1
2025-06-13,nasa/ECOSTRESS-Data-Resources,Google,76
2025-06-13,nasa/ECOSTRESS-Data-Resources,git.earthdata.nasa.gov,25
2025-06-13,nasa/ECOSTRESS-Data-Resources,chatgpt.com,17
2025-06-13,nasa/ECOSTRESS-Data-Resources,Bing,11
2025-06-13,nasa/ECOSTRESS-Data-Resources,github.com,10
2025-06-13,nasa/ECOSTRESS-Data-Resources,gemini.google.com,9
2025-06-13,nasa/ECOSTRESS-Data-Resources,ecostress.jpl.nasa.gov,7
2025-06-13,nasa/ECOSTRESS-Data-Resources,notebooks.githubusercontent.com,5
2025-06-13,nasa/ECOSTRESS-Data-Resources,copilot.microsoft.com,3
2025-06-13,nasa/EMIT-Data-Resources,Google,282
2025-06-13,nasa/EMIT-Data-Resources,github.com,45
2025-06-13,nasa/EMIT-Data-Resources,chatgpt.com,32
2025-06-13,nasa/EMIT-Data-Resources,notebooks.githubusercontent.com,20
2025-06-13,nasa/EMIT-Data-Resources,colab.research.google.com,11
2025-06-13,nasa/EMIT-Data-Resources,Bing,9
2025-06-13,nasa/EMIT-Data-Resources,cn.bing.com,5
2025-06-13,nasa/EMIT-Data-Resources,dansousa.org,5
2025-06-13,nasa/EMIT-Data-Resources,adss.dsto.defence.gov.au,4
2025-06-13,nasa/EMIT-Data-Resources,appliedsciences.nasa.gov,3
2025-06-13,nasa/GEDI-Data-Resources,Google,104
2025-06-13,nasa/GEDI-Data-Resources,notebooks.githubusercontent.com,42
2025-06-13,nasa/GEDI-Data-Resources,git.earthdata.nasa.gov,42
2025-06-13,nasa/GEDI-Data-Resources,github.com,32
2025-06-13,nasa/GEDI-Data-Resources,forum.earthdata.nasa.gov,10
2025-06-13,nasa/GEDI-Data-Resources,copilot.microsoft.com,6
2025-06-13,nasa/GEDI-Data-Resources,appliedsciences.nasa.gov,6
2025-06-13,nasa/GEDI-Data-Resources,sciencedirect.com,4
2025-06-13,nasa/GEDI-Data-Resources,statics.teams.cdn.office.net,3
2025-06-13,nasa/GEDI-Data-Resources,colab.research.google.com,2
2025-06-13,nasa/HLS-Data-Resources,git.earthdata.nasa.gov,79
2025-06-13,nasa/HLS-Data-Resources,github.com,57
2025-06-13,nasa/HLS-Data-Resources,hls.gsfc.nasa.gov,56
2025-06-13,nasa/HLS-Data-Resources,Google,50
2025-06-13,nasa/HLS-Data-Resources,statics.teams.cdn.office.net,34
2025-06-13,nasa/HLS-Data-Resources,notebooks.githubusercontent.com,22
2025-06-13,nasa/HLS-Data-Resources,forum.earthdata.nasa.gov,11
2025-06-13,nasa/HLS-Data-Resources,Bing,11
2025-06-13,nasa/HLS-Data-Resources,search.earthdata.nasa.gov,8
2025-06-13,nasa/HLS-Data-Resources,ecosia.org,2
2025-06-13,nasa/LPDAAC-Data-Resources,github.com,45
2025-06-13,nasa/LPDAAC-Data-Resources,statics.teams.cdn.office.net,37
2025-06-13,nasa/LPDAAC-Data-Resources,Google,29
2025-06-13,nasa/LPDAAC-Data-Resources,git.earthdata.nasa.gov,20
2025-06-13,nasa/LPDAAC-Data-Resources,youtube.com,9
2025-06-13,nasa/LPDAAC-Data-Resources,nasa-openscapes.github.io,5
2025-06-13,nasa/LPDAAC-Data-Resources,forum.earthdata.nasa.gov,3
2025-06-13,nasa/LPDAAC-Data-Resources,DuckDuckGo,2
2025-06-13,nasa/LPDAAC-Data-Resources,chatgpt.com,2
2025-06-13,nasa/LPDAAC-Data-Resources,hls.gsfc.nasa.gov,1
2025-06-13,nasa/VITALS,Google,45
2025-06-13,nasa/VITALS,github.com,16
2025-06-13,nasa/VITALS,statics.teams.cdn.office.net,1
2025-06-13,nasa/VITALS,earthlab.colorado.edu,1
2025-06-13,nasa/VITALS,Bing,1
2025-06-20,nasa/AppEEARS-Data-Resources,Google,69
2025-06-20,nasa/AppEEARS-Data-Resources,github.com,49
2025-06-20,nasa/AppEEARS-Data-Resources,youtube.com,25
2025-06-20,nasa/AppEEARS-Data-Resources,statics.teams.cdn.office.net,17
2025-06-20,nasa/AppEEARS-Data-Resources,git.earthdata.nasa.gov,11
2025-06-20,nasa/AppEEARS-Data-Resources,view.genially.com,3
2025-06-20,nasa/AppEEARS-Data-Resources,Bing,2
2025-06-20,nasa/AppEEARS-Data-Resources,bugs.earthdata.nasa.gov,1
2025-06-20,nasa/AppEEARS-Data-Resources,earthdata.nasa.gov,1
2025-06-20,nasa/ECOSTRESS-Data-Resources,Google,65
2025-06-20,nasa/ECOSTRESS-Data-Resources,github.com,59
2025-06-20,nasa/ECOSTRESS-Data-Resources,Bing,14
2025-06-20,nasa/ECOSTRESS-Data-Resources,chatgpt.com,10
2025-06-20,nasa/ECOSTRESS-Data-Resources,notebooks.githubusercontent.com,5
2025-06-20,nasa/ECOSTRESS-Data-Resources,git.earthdata.nasa.gov,4
2025-06-20,nasa/ECOSTRESS-Data-Resources,ecostress.jpl.nasa.gov,1
2025-06-20,nasa/ECOSTRESS-Data-Resources,claude.ai,1
2025-06-20,nasa/ECOSTRESS-Data-Resources,com.google.android.gm,1
2025-06-20,nasa/ECOSTRESS-Data-Resources,cn.bing.com,1
2025-06-20,nasa/EMIT-Data-Resources,Google,198
2025-06-20,nasa/EMIT-Data-Resources,github.com,85
2025-06-20,nasa/EMIT-Data-Resources,Bing,31
2025-06-20,nasa/EMIT-Data-Resources,notebooks.githubusercontent.com,28
2025-06-20,nasa/EMIT-Data-Resources,chatgpt.com,19
2025-06-20,nasa/EMIT-Data-Resources,youtube.com,15
2025-06-20,nasa/EMIT-Data-Resources,t.co,11
2025-06-20,nasa/EMIT-Data-Resources,statics.teams.cdn.office.net,7
2025-06-20,nasa/EMIT-Data-Resources,DuckDuckGo,6
2025-06-20,nasa/EMIT-Data-Resources,cn.bing.com,5
2025-06-20,nasa/GEDI-Data-Resources,Google,112
2025-06-20,nasa/GEDI-Data-Resources,github.com,48
2025-06-20,nasa/GEDI-Data-Resources,git.earthdata.nasa.gov,25
2025-06-20,nasa/GEDI-Data-Resources,forum.earthdata.nasa.gov,19
2025-06-20,nasa/GEDI-Data-Resources,notebooks.githubusercontent.com,10
2025-06-20,nasa/GEDI-Data-Resources,copilot.microsoft.com,6
2025-06-20,nasa/GEDI-Data-Resources,chatgpt.com,4
2025-06-20,nasa/GEDI-Data-Resources,sciencedirect.com,4
2025-06-20,nasa/GEDI-Data-Resources,cn.bing.com,2
2025-06-20,nasa/GEDI-Data-Resources,Bing,2
2025-06-20,nasa/HLS-Data-Resources,Google,74
2025-06-20,nasa/HLS-Data-Resources,git.earthdata.nasa.gov,67
2025-06-20,nasa/HLS-Data-Resources,hls.gsfc.nasa.gov,60
2025-06-20,nasa/HLS-Data-Resources,github.com,60
2025-06-20,nasa/HLS-Data-Resources,notebooks.githubusercontent.com,24
2025-06-20,nasa/HLS-Data-Resources,statics.teams.cdn.office.net,20
2025-06-20,nasa/HLS-Data-Resources,Bing,15
2025-06-20,nasa/HLS-Data-Resources,search.earthdata.nasa.gov,8
2025-06-20,nasa/HLS-Data-Resources,cn.bing.com,2
2025-06-20,nasa/HLS-Data-Resources,com.google.android.gm,1
2025-06-20,nasa/LPDAAC-Data-Resources,github.com,86
2025-06-20,nasa/LPDAAC-Data-Resources,Google,45
2025-06-20,nasa/LPDAAC-Data-Resources,statics.teams.cdn.office.net,26
2025-06-20,nasa/LPDAAC-Data-Resources,git.earthdata.nasa.gov,8
2025-06-20,nasa/LPDAAC-Data-Resources,hls.gsfc.nasa.gov,7
2025-06-20,nasa/LPDAAC-Data-Resources,nasa-openscapes.github.io,5
2025-06-20,nasa/LPDAAC-Data-Resources,chatgpt.com,3
2025-06-20,nasa/LPDAAC-Data-Resources,youtube.com,2
2025-06-20,nasa/LPDAAC-Data-Resources,Baidu,1
2025-06-20,nasa/LPDAAC-Data-Resources,usc-word-edit.officeapps.live.com,1
2025-06-20,nasa/VITALS,Google,43
2025-06-20,nasa/VITALS,github.com,39
2025-06-20,nasa/VITALS,nasa.github.io,4
2025-06-20,nasa/VITALS,Bing,4
2025-06-20,nasa/VITALS,notebooks.githubusercontent.com,1
2025-06-20,nasa/VITALS,youtube.com,1
2025-06-20,nasa/VITALS,earthlab.colorado.edu,1
2025-06-27,nasa/AppEEARS-Data-Resources,Google,69
2025-06-27,nasa/AppEEARS-Data-Resources,github.com,23
2025-06-27,nasa/AppEEARS-Data-Resources,youtube.com,13
2025-06-27,nasa/AppEEARS-Data-Resources,git.earthdata.nasa.gov,7
2025-06-27,nasa/AppEEARS-Data-Resources,Bing,3
2025-06-27,nasa/AppEEARS-Data-Resources,DuckDuckGo,2
2025-06-27,nasa/ECOSTRESS-Data-Resources,Google,61
2025-06-27,nasa/ECOSTRESS-Data-Resources,git.earthdata.nasa.gov,24
2025-06-27,nasa/ECOSTRESS-Data-Resources,Bing,23
2025-06-27,nasa/ECOSTRESS-Data-Resources,github.com,5
2025-06-27,nasa/ECOSTRESS-Data-Resources,claude.ai,1
2025-06-27,nasa/ECOSTRESS-Data-Resources,com.google.android.gm,1
2025-06-27,nasa/ECOSTRESS-Data-Resources,ecostress.jpl.nasa.gov,1
2025-06-27,nasa/EMIT-Data-Resources,Google,232
2025-06-27,nasa/EMIT-Data-Resources,Bing,42
2025-06-27,nasa/EMIT-Data-Resources,github.com,16
2025-06-27,nasa/EMIT-Data-Resources,notebooks.githubusercontent.com,15
2025-06-27,nasa/EMIT-Data-Resources,chatgpt.com,9
2025-06-27,nasa/EMIT-Data-Resources,DuckDuckGo,7
2025-06-27,nasa/EMIT-Data-Resources,cn.bing.com,6
2025-06-27,nasa/EMIT-Data-Resources,dansousa.org,5
2025-06-27,nasa/EMIT-Data-Resources,ecosia.org,4
2025-06-27,nasa/EMIT-Data-Resources,forum.earthdata.nasa.gov,2
2025-06-27,nasa/GEDI-Data-Resources,Google,91
2025-06-27,nasa/GEDI-Data-Resources,claude6.claudechat.pro,33
2025-06-27,nasa/GEDI-Data-Resources,github.com,21
2025-06-27,nasa/GEDI-Data-Resources,git.earthdata.nasa.gov,18
2025-06-27,nasa/GEDI-Data-Resources,forum.earthdata.nasa.gov,15
2025-06-27,nasa/GEDI-Data-Resources,Bing,8
2025-06-27,nasa/GEDI-Data-Resources,notebooks.githubusercontent.com,5
2025-06-27,nasa/GEDI-Data-Resources,chatgpt.com,4
2025-06-27,nasa/GEDI-Data-Resources,statics.teams.cdn.office.net,3
2025-06-27,nasa/GEDI-Data-Resources,cn.bing.com,2
2025-06-27,nasa/HLS-Data-Resources,Google,115
2025-06-27,nasa/HLS-Data-Resources,git.earthdata.nasa.gov,84
2025-06-27,nasa/HLS-Data-Resources,hls.gsfc.nasa.gov,68
2025-06-27,nasa/HLS-Data-Resources,github.com,23
2025-06-27,nasa/HLS-Data-Resources,Bing,12
2025-06-27,nasa/HLS-Data-Resources,statics.teams.cdn.office.net,12
2025-06-27,nasa/HLS-Data-Resources,notebooks.githubusercontent.com,11
2025-06-27,nasa/HLS-Data-Resources,cn.bing.com,2
2025-06-27,nasa/HLS-Data-Resources,forum.earthdata.nasa.gov,1
2025-06-27,nasa/HLS-Data-Resources,com.google.android.gm,1
2025-06-27,nasa/LPDAAC-Data-Resources,github.com,55
2025-06-27,nasa/LPDAAC-Data-Resources,Google,30
2025-06-27,nasa/LPDAAC-Data-Resources,git.earthdata.nasa.gov,8
2025-06-27,nasa/LPDAAC-Data-Resources,hls.gsfc.nasa.gov,7
2025-06-27,nasa/LPDAAC-Data-Resources,nasa-openscapes.github.io,7
2025-06-27,nasa/LPDAAC-Data-Resources,statics.teams.cdn.office.net,5
2025-06-27,nasa/LPDAAC-Data-Resources,usc-word-edit.officeapps.live.com,3
2025-06-27,nasa/LPDAAC-Data-Resources,Bing,1
2025-06-27,nasa/LPDAAC-Data-Resources,DuckDuckGo,1
2025-06-27,nasa/LPDAAC-Data-Resources,youtube.com,1
2025-06-27,nasa/VITALS,Google,44
2025-06-27,nasa/VITALS,github.com,12
2025-06-27,nasa/VITALS,Bing,4
2025-06-27,nasa/VITALS,notebooks.githubusercontent.com,3
2025-06-27,nasa/VITALS,nasa.github.io,3
2025-06-27,nasa/VITALS,youtube.com,1
2025-07-04,nasa/AppEEARS-Data-Resources,Google,22
2025-07-04,nasa/AppEEARS-Data-Resources,github.com,6
2025-07-04,nasa/AppEEARS-Data-Resources,Bing,3
2025-07-04,nasa/AppEEARS-Data-Resources,forum.earthdata.nasa.gov,2
2025-07-04,nasa/AppEEARS-Data-Resources,DuckDuckGo,2
2025-07-04,nasa/ECOSTRESS-Data-Resources,Google,60
2025-07-04,nasa/ECOSTRESS-Data-Resources,git.earthdata.nasa.gov,34
2025-07-04,nasa/ECOSTRESS-Data-Resources,Bing,23
2025-07-04,nasa/ECOSTRESS-Data-Resources,github.com,7
2025-07-04,nasa/ECOSTRESS-Data-Resources,chatgpt.com,2
2025-07-04,nasa/ECOSTRESS-Data-Resources,search.earthdata.nasa.gov,2
2025-07-04,nasa/ECOSTRESS-Data-Resources,ecostress.jpl.nasa.gov,1
2025-07-04,nasa/ECOSTRESS-Data-Resources,cn.bing.com,1
2025-07-04,nasa/EMIT-Data-Resources,Google,253
2025-07-04,nasa/EMIT-Data-Resources,github.com,36
2025-07-04,nasa/EMIT-Data-Resources,Bing,28
2025-07-04,nasa/EMIT-Data-Resources,chatgpt.com,17
2025-07-04,nasa/EMIT-Data-Resources,cn.bing.com,7
2025-07-04,nasa/EMIT-Data-Resources,notebooks.githubusercontent.com,6
2025-07-04,nasa/EMIT-Data-Resources,DuckDuckGo,2
2025-07-04,nasa/EMIT-Data-Resources,statics.gov.teams.microsoft.us,2
2025-07-04,nasa/EMIT-Data-Resources,nasa-openscapes.github.io,1
2025-07-04,nasa/EMIT-Data-Resources,t.co,1
2025-07-04,nasa/GEDI-Data-Resources,Google,80
2025-07-04,nasa/GEDI-Data-Resources,claude6.claudechat.pro,33
2025-07-04,nasa/GEDI-Data-Resources,git.earthdata.nasa.gov,26
2025-07-04,nasa/GEDI-Data-Resources,cn.bing.com,24
2025-07-04,nasa/GEDI-Data-Resources,notebooks.githubusercontent.com,15
2025-07-04,nasa/GEDI-Data-Resources,github.com,15
2025-07-04,nasa/GEDI-Data-Resources,Bing,14
2025-07-04,nasa/GEDI-Data-Resources,forum.earthdata.nasa.gov,11
2025-07-04,nasa/GEDI-Data-Resources,chatgpt.com,2
2025-07-04,nasa/GEDI-Data-Resources,statics.teams.cdn.office.net,2
2025-07-04,nasa/HLS-Data-Resources,Google,130
2025-07-04,nasa/HLS-Data-Resources,hls.gsfc.nasa.gov,68
2025-07-04,nasa/HLS-Data-Resources,git.earthdata.nasa.gov,49
2025-07-04,nasa/HLS-Data-Resources,Bing,21
2025-07-04,nasa/HLS-Data-Resources,notebooks.githubusercontent.com,14
2025-07-04,nasa/HLS-Data-Resources,github.com,8
2025-07-04,nasa/HLS-Data-Resources,forum.earthdata.nasa.gov,2
2025-07-04,nasa/HLS-Data-Resources,cn.bing.com,1
2025-07-04,nasa/LPDAAC-Data-Resources,github.com,36
2025-07-04,nasa/LPDAAC-Data-Resources,Google,30
2025-07-04,nasa/LPDAAC-Data-Resources,git.earthdata.nasa.gov,10
2025-07-04,nasa/LPDAAC-Data-Resources,statics.teams.cdn.office.net,5
2025-07-04,nasa/LPDAAC-Data-Resources,colab.research.google.com,5
2025-07-04,nasa/LPDAAC-Data-Resources,nasa-openscapes.github.io,5
2025-07-04,nasa/LPDAAC-Data-Resources,Bing,4
2025-07-04,nasa/LPDAAC-Data-Resources,mail.google.com,3
2025-07-04,nasa/LPDAAC-Data-Resources,hls.gsfc.nasa.gov,2
2025-07-04,nasa/LPDAAC-Data-Resources,usc-word-edit.officeapps.live.com,2
2025-07-04,nasa/VITALS,Google,100
2025-07-04,nasa/VITALS,github.com,23
2025-07-04,nasa/VITALS,nasa.github.io,17
2025-07-04,nasa/VITALS,Bing,9
2025-07-04,nasa/VITALS,notebooks.githubusercontent.com,4
2025-07-04,nasa/VITALS,statics.teams.cdn.office.net,3
2025-07-11,nasa/AppEEARS-Data-Resources,Google,29
2025-07-11,nasa/AppEEARS-Data-Resources,github.com,15
2025-07-11,nasa/AppEEARS-Data-Resources,Bing,5
2025-07-11,nasa/AppEEARS-Data-Resources,forum.earthdata.nasa.gov,2
2025-07-11,nasa/AppEEARS-Data-Resources,cn.bing.com,1
2025-07-11,nasa/ECOSTRESS-Data-Resources,Google,47
2025-07-11,nasa/ECOSTRESS-Data-Resources,github.com,23
2025-07-11,nasa/ECOSTRESS-Data-Resources,Bing,11
2025-07-11,nasa/ECOSTRESS-Data-Resources,git.earthdata.nasa.gov,11
2025-07-11,nasa/ECOSTRESS-Data-Resources,cn.bing.com,7
2025-07-11,nasa/ECOSTRESS-Data-Resources,statics.teams.cdn.office.net,4
2025-07-11,nasa/ECOSTRESS-Data-Resources,search.earthdata.nasa.gov,2
2025-07-11,nasa/ECOSTRESS-Data-Resources,chatgpt.com,1
2025-07-11,nasa/EMIT-Data-Resources,Google,267
2025-07-11,nasa/EMIT-Data-Resources,github.com,59
2025-07-11,nasa/EMIT-Data-Resources,Bing,23
2025-07-11,nasa/EMIT-Data-Resources,dansousa.org,4
2025-07-11,nasa/EMIT-Data-Resources,search.earthdata.nasa.gov,3
2025-07-11,nasa/EMIT-Data-Resources,cn.bing.com,3
2025-07-11,nasa/EMIT-Data-Resources,hypercoast.org,2
2025-07-11,nasa/EMIT-Data-Resources,earth.jpl.nasa.gov,2
2025-07-11,nasa/EMIT-Data-Resources,cloud.bioscape.io,1
2025-07-11,nasa/EMIT-Data-Resources,chatgpt.com,1
2025-07-11,nasa/GEDI-Data-Resources,Google,102
2025-07-11,nasa/GEDI-Data-Resources,git.earthdata.nasa.gov,44
2025-07-11,nasa/GEDI-Data-Resources,github.com,23
2025-07-11,nasa/GEDI-Data-Resources,cn.bing.com,22
2025-07-11,nasa/GEDI-Data-Resources,notebooks.githubusercontent.com,19
2025-07-11,nasa/GEDI-Data-Resources,Bing,10
2025-07-11,nasa/GEDI-Data-Resources,www-earthdata-nasa-gov.translate.goog,1
2025-07-11,nasa/GEDI-Data-Resources,chatgpt.com,1
2025-07-11,nasa/HLS-Data-Resources,Google,88
2025-07-11,nasa/HLS-Data-Resources,git.earthdata.nasa.gov,54
2025-07-11,nasa/HLS-Data-Resources,hls.gsfc.nasa.gov,44
2025-07-11,nasa/HLS-Data-Resources,github.com,14
2025-07-11,nasa/HLS-Data-Resources,Bing,14
2025-07-11,nasa/HLS-Data-Resources,notebooks.githubusercontent.com,13
2025-07-11,nasa/HLS-Data-Resources,chatgpt.com,5
2025-07-11,nasa/HLS-Data-Resources,forum.earthdata.nasa.gov,4
2025-07-11,nasa/HLS-Data-Resources,gemini.google.com,1
2025-07-11,nasa/LPDAAC-Data-Resources,github.com,55
2025-07-11,nasa/LPDAAC-Data-Resources,Google,27
2025-07-11,nasa/LPDAAC-Data-Resources,git.earthdata.nasa.gov,21
2025-07-11,nasa/LPDAAC-Data-Resources,forum.earthdata.nasa.gov,5
2025-07-11,nasa/LPDAAC-Data-Resources,hls.gsfc.nasa.gov,5
2025-07-11,nasa/LPDAAC-Data-Resources,nasa-openscapes.github.io,4
2025-07-11,nasa/LPDAAC-Data-Resources,Bing,2
2025-07-11,nasa/LPDAAC-Data-Resources,statics.teams.cdn.office.net,1
2025-07-11,nasa/VITALS,Google,48
2025-07-11,nasa/VITALS,github.com,41
2025-07-11,nasa/VITALS,nasa.github.io,18
2025-07-11,nasa/VITALS,Bing,12
2025-07-11,nasa/VITALS,notebooks.githubusercontent.com,6
2025-07-11,nasa/VITALS,statics.teams.cdn.office.net,4
